gaia_dr3,instrument,cap,teff,logg,vmic,FeH,FeII,nFeI,nFeII,railed
647383581622234496,PEPSI,full,5839.0,4.22,1.676,0.3449,0.4705,63,8,0
647383581622234496,PEPSI,w140,5839.0,4.22,1.676,0.3449,0.4705,63,8,0
647383581622234496,PEPSI,w120,5839.0,4.22,1.676,0.3449,0.4705,63,8,0
647383581622234496,PEPSI,w100,5839.0,4.22,1.43,0.3962,0.525,56,8,0
1172246044236127744,HIRES,full,4713.0,3.48,1.742,0.1869,0.1568,70,4,0
1172246044236127744,HIRES,w140,4713.0,3.48,1.627,0.2165,0.1778,63,4,0
1172246044236127744,HIRES,w120,4713.0,3.48,1.446,0.2752,0.2186,57,4,0
1172246044236127744,HIRES,w100,4713.0,3.48,1.168,0.3544,0.2886,43,4,0
1291436403222476928,APF,full,4597.0,2.53,2.3,0.075,-0.1953,62,6,0
1291436403222476928,APF,w140,4597.0,2.53,1.906,0.188,-0.1169,45,6,0
1291436403222476928,APF,w120,4597.0,2.53,1.627,0.2788,-0.0493,38,6,0
1291436403222476928,APF,w100,4597.0,2.53,1.315,0.3659,-0.0182,30,5,0
1291436403222476928,HIRES,full,4597.0,2.53,2.283,0.0279,-0.2478,63,3,0
1291436403222476928,HIRES,w140,4597.0,2.53,1.971,0.0806,-0.1711,47,3,0
1291436403222476928,HIRES,w120,4597.0,2.53,1.676,0.1752,-0.0843,40,3,0
1291436403222476928,HIRES,w100,4597.0,2.53,1.512,0.2352,-0.0291,33,3,0
1344347754609974912,APF,full,5781.0,3.59,2.8,0.225,0.3275,63,9,1
1344347754609974912,APF,w140,5781.0,3.59,2.8,0.223,0.3275,62,9,1
1344347754609974912,APF,w120,5781.0,3.59,2.726,0.2241,0.366,58,8,0
1344347754609974912,APF,w100,5781.0,3.59,2.8,0.2254,0.3872,42,4,1
1344347754609974912,PEPSI,full,5781.0,3.59,2.332,0.2684,0.3129,70,9,0
1344347754609974912,PEPSI,w140,5781.0,3.59,2.332,0.2684,0.3129,70,9,0
1344347754609974912,PEPSI,w120,5781.0,3.59,2.119,0.2865,0.3578,65,8,0
1344347754609974912,PEPSI,w100,5781.0,3.59,2.349,0.2728,0.3503,53,6,0
1349677912103573888,PEPSI,full,4711.0,3.23,1.775,0.1712,0.0724,54,7,0
1349677912103573888,PEPSI,w140,4711.0,3.23,1.545,0.2293,0.095,47,7,0
1349677912103573888,PEPSI,w120,4711.0,3.23,1.479,0.2424,0.102,42,7,0
1349677912103573888,PEPSI,w100,4711.0,3.23,1.2,0.3306,0.1795,33,6,0
1373298170645854208,PEPSI,full,4740.0,3.14,1.775,0.2049,-0.0633,50,7,0
1373298170645854208,PEPSI,w140,4740.0,3.14,1.857,0.2202,-0.0696,42,7,0
1373298170645854208,PEPSI,w120,4740.0,3.14,1.545,0.2578,-0.0342,38,7,0
1373298170645854208,PEPSI,w100,4740.0,3.14,1.348,0.2936,0.0097,31,6,0
1615356205256881920,PEPSI,full,4605.0,2.62,2.546,0.0475,-0.2724,49,6,0
1615356205256881920,PEPSI,w140,4605.0,2.62,1.807,0.156,-0.1142,33,6,0
1615356205256881920,PEPSI,w120,4605.0,2.62,1.709,0.1912,-0.0826,29,6,0
1615356205256881920,PEPSI,w100,4605.0,2.62,1.2,0.4222,0.104,24,5,0
1817438775924874496,PEPSI,full,4871.0,3.9,1.446,0.3037,0.3095,57,7,0
1817438775924874496,PEPSI,w140,4871.0,3.9,1.25,0.3566,0.3724,53,7,0
1817438775924874496,PEPSI,w120,4871.0,3.9,1.217,0.3785,0.3833,48,7,0
1817438775924874496,PEPSI,w100,4871.0,3.9,1.118,0.3805,0.4167,42,7,0
1956623998681016960,PEPSI,full,5127.0,3.96,1.414,0.5114,0.4986,72,8,0
1956623998681016960,PEPSI,w140,5127.0,3.96,1.332,0.5488,0.5216,66,8,0
1956623998681016960,PEPSI,w120,5127.0,3.96,1.217,0.5844,0.5557,57,8,0
1956623998681016960,PEPSI,w100,5127.0,3.96,1.069,0.6415,0.6091,48,8,0
2046021505262823296,PEPSI,full,5876.0,3.93,1.791,0.2922,0.3448,78,9,0
2046021505262823296,PEPSI,w140,5876.0,3.93,1.693,0.3011,0.3645,77,9,0
2046021505262823296,PEPSI,w120,5876.0,3.93,1.693,0.3011,0.3645,77,9,0
2046021505262823296,PEPSI,w100,5876.0,3.93,1.578,0.3287,0.3783,72,7,0
2060055328082386304,PEPSI,full,4875.0,3.53,1.84,0.2251,0.0597,70,7,0
2060055328082386304,PEPSI,w140,4875.0,3.53,1.529,0.356,0.0849,61,7,0
2060055328082386304,PEPSI,w120,4875.0,3.53,1.348,0.3947,0.1017,54,7,0
2060055328082386304,PEPSI,w100,4875.0,3.53,1.217,0.4282,0.115,43,7,0
2250537578633588352,HIRES,full,5405.0,4.01,1.725,0.4475,0.2042,71,5,0
2250537578633588352,HIRES,w140,5405.0,4.01,1.561,0.4857,0.2185,66,5,0
2250537578633588352,HIRES,w120,5405.0,4.01,1.496,0.502,0.2254,59,5,0
2250537578633588352,HIRES,w100,5405.0,4.01,1.315,0.5679,0.2667,52,5,0
3958303608740295296,PEPSI,full,5746.0,3.92,1.594,0.2623,0.3372,80,9,0
3958303608740295296,PEPSI,w140,5746.0,3.92,1.594,0.2623,0.3372,80,9,0
3958303608740295296,PEPSI,w120,5746.0,3.92,1.594,0.2623,0.2827,80,8,0
3958303608740295296,PEPSI,w100,5746.0,3.92,1.43,0.3029,0.3502,71,8,0
3981490689765823744,PEPSI,full,4791.0,3.58,1.742,0.2294,0.1652,57,7,0
3981490689765823744,PEPSI,w140,4791.0,3.58,1.397,0.3228,0.2742,51,7,0
3981490689765823744,PEPSI,w120,4791.0,3.58,1.348,0.3367,0.2343,46,6,0
3981490689765823744,PEPSI,w100,4791.0,3.58,1.036,0.4455,0.3089,37,6,0
4285843204916407296,APF,full,4700.0,3.63,1.889,0.2785,0.4079,64,8,0
4285843204916407296,APF,w140,4700.0,3.63,1.676,0.3102,0.4404,55,8,0
4285843204916407296,APF,w120,4700.0,3.63,1.561,0.3429,0.4595,52,8,0
4285843204916407296,APF,w100,4700.0,3.63,1.627,0.3725,0.4485,41,8,0
4285843204916407296,PEPSI,full,4700.0,3.63,1.66,0.2968,0.3239,69,7,0
4285843204916407296,PEPSI,w140,4700.0,3.63,1.446,0.3559,0.3903,61,7,0
4285843204916407296,PEPSI,w120,4700.0,3.63,1.299,0.3863,0.4399,55,7,0
4285843204916407296,PEPSI,w100,4700.0,3.63,1.086,0.4726,0.5161,42,7,0
4547137062312951680,HIRES,full,4531.0,2.51,2.398,-0.0151,-0.1778,60,3,0
4547137062312951680,HIRES,w140,4531.0,2.51,1.971,0.097,-0.0697,44,3,0
4547137062312951680,HIRES,w120,4531.0,2.51,1.676,0.1724,0.0221,37,3,0
4547137062312951680,HIRES,w100,4531.0,2.51,1.414,0.2607,0.118,30,3,0
4547137062312951680,PEPSI,full,4531.0,2.51,2.414,-0.0104,-0.2667,62,7,0
4547137062312951680,PEPSI,w140,4531.0,2.51,1.955,0.1001,-0.177,44,7,0
4547137062312951680,PEPSI,w120,4531.0,2.51,1.742,0.1675,-0.1386,37,6,0
4547137062312951680,PEPSI,w100,4531.0,2.51,1.348,0.3209,-0.0002,29,6,0
4553137647030000384,APF,full,4642.0,3.35,1.922,0.1942,0.2008,63,7,0
4553137647030000384,APF,w140,4642.0,3.35,1.627,0.2799,0.2912,52,7,0
4553137647030000384,APF,w120,4642.0,3.35,1.364,0.3758,0.3836,46,7,0
4553137647030000384,APF,w100,4642.0,3.35,0.971,0.528,0.515,37,6,0
4596318389222965504,PEPSI,full,4801.0,3.46,2.037,0.176,0.0161,54,7,0
4596318389222965504,PEPSI,w140,4801.0,3.46,1.676,0.3045,0.0417,46,7,0
4596318389222965504,PEPSI,w120,4801.0,3.46,1.627,0.3158,0.0456,41,7,0
4596318389222965504,PEPSI,w100,4801.0,3.46,1.184,0.4268,0.1634,33,7,0
4607078038213603712,PEPSI,full,4644.0,2.24,2.168,0.09,-0.2001,51,7,0
4607078038213603712,PEPSI,w140,4644.0,2.24,1.971,0.1373,-0.1525,38,7,0
4607078038213603712,PEPSI,w120,4644.0,2.24,1.578,0.2662,-0.0023,31,6,0
4607078038213603712,PEPSI,w100,4644.0,2.24,1.561,0.261,0.0052,25,6,0
2085055993420266624,HIRES,full,5859.0,4.13,1.693,0.4567,0.3747,77,6,0
2085055993420266624,HIRES,w140,5859.0,4.13,1.693,0.4567,0.3747,77,6,0
2085055993420266624,HIRES,w120,5859.0,4.13,1.348,0.5258,0.474,72,6,0
2085055993420266624,HIRES,w100,5859.0,4.13,1.348,0.5227,0.474,63,6,0
2134294185689376512,APF,full,5507.0,4.1,1.217,0.5673,0.4996,63,6,0
2134294185689376512,APF,w140,5507.0,4.1,1.217,0.5673,0.4996,63,6,0
2134294185689376512,APF,w120,5507.0,4.1,1.184,0.5796,0.5128,56,6,0
2134294185689376512,APF,w100,5507.0,4.1,1.036,0.6269,0.5735,48,6,0
4267387391205504256,APF,full,5709.0,4.26,1.086,0.4691,0.4428,64,7,0
4267387391205504256,APF,w140,5709.0,4.26,1.086,0.4691,0.4428,64,7,0
4267387391205504256,APF,w120,5709.0,4.26,1.086,0.4691,0.4428,64,7,0
4267387391205504256,APF,w100,5709.0,4.26,1.053,0.4754,0.4567,57,7,0
2759121045748142848,HIRES,full,5871.0,4.27,1.545,0.3998,0.3247,77,6,0
2759121045748142848,HIRES,w140,5871.0,4.27,1.545,0.3998,0.3247,77,6,0
2759121045748142848,HIRES,w120,5871.0,4.27,1.315,0.4549,0.3528,75,6,0
2759121045748142848,HIRES,w100,5871.0,4.27,1.25,0.4668,0.3663,67,6,0
1810432623428484992,APF,full,6236.0,3.53,2.3,0.3809,0.4055,61,7,0
1810432623428484992,APF,w140,6236.0,3.53,2.3,0.3809,0.4055,61,7,0
1810432623428484992,APF,w120,6236.0,3.53,2.136,0.4113,0.4683,59,5,0
1810432623428484992,APF,w100,6236.0,3.53,2.267,0.3943,0.4896,54,4,0
2241587416547315584,APF,full,5946.0,3.95,2.316,0.2919,0.3338,63,7,0
2241587416547315584,APF,w140,5946.0,3.95,2.316,0.2919,0.3338,63,7,0
2241587416547315584,APF,w120,5946.0,3.95,2.3,0.2919,0.3401,61,7,0
2241587416547315584,APF,w100,5946.0,3.95,2.332,0.3024,0.4094,52,5,0
1969914723446419072,HIRES,full,5480.0,4.35,1.529,0.2573,0.4296,77,6,0
1969914723446419072,HIRES,w140,5480.0,4.35,1.529,0.2573,0.4296,77,6,0
1969914723446419072,HIRES,w120,5480.0,4.35,1.118,0.3563,0.536,72,6,0
1969914723446419072,HIRES,w100,5480.0,4.35,1.086,0.367,0.5451,61,6,0
2105262611951880320,APF,full,5761.0,4.15,1.496,0.4314,0.3756,62,7,0
2105262611951880320,APF,w140,5761.0,4.15,1.496,0.4314,0.3756,62,7,0
2105262611951880320,APF,w120,5761.0,4.15,1.496,0.4281,0.3756,61,7,0
2105262611951880320,APF,w100,5761.0,4.15,1.266,0.4834,0.468,50,7,0
2222930319131123584,HIRES,full,5555.0,4.46,1.414,0.3468,0.3999,77,6,0
2222930319131123584,HIRES,w140,5555.0,4.46,1.414,0.3468,0.3999,77,6,0
2222930319131123584,HIRES,w120,5555.0,4.46,1.118,0.412,0.4341,72,6,0
2222930319131123584,HIRES,w100,5555.0,4.46,1.053,0.4289,0.4498,63,6,0
2034483990505147904,HIRES,full,5645.0,4.3,1.611,0.3912,0.3709,77,6,0
2034483990505147904,HIRES,w140,5645.0,4.3,1.578,0.3992,0.3785,76,6,0
2034483990505147904,HIRES,w120,5645.0,4.3,1.25,0.4591,0.4631,71,6,0
2034483990505147904,HIRES,w100,5645.0,4.3,1.2,0.4699,0.4769,62,6,0
2207311069265753088,HIRES,full,5572.0,4.4,1.43,0.3831,0.442,77,6,0
2207311069265753088,HIRES,w140,5572.0,4.4,1.43,0.3831,0.442,77,6,0
2207311069265753088,HIRES,w120,5572.0,4.4,1.118,0.4551,0.5012,72,6,0
2207311069265753088,HIRES,w100,5572.0,4.4,1.118,0.4452,0.5012,63,6,0
1332825044549520640,HIRES,full,4489.0,2.88,2.234,0.0418,0.3856,61,4,0
1332825044549520640,HIRES,w140,4489.0,2.88,1.873,0.1622,0.4899,47,4,0
1332825044549520640,HIRES,w120,4489.0,2.88,1.66,0.1837,0.5618,40,4,0
1332825044549520640,HIRES,w100,4489.0,2.88,1.43,0.2744,0.6484,32,4,0
1972949478614475520,HIRES,full,5935.0,4.14,1.561,0.4327,0.4163,77,6,0
1972949478614475520,HIRES,w140,5935.0,4.14,1.561,0.4327,0.4163,77,6,0
1972949478614475520,HIRES,w120,5935.0,4.14,1.381,0.4813,0.467,76,6,0
1972949478614475520,HIRES,w100,5935.0,4.14,1.332,0.4911,0.4787,68,6,0
1835520283318364800,APF,full,5330.0,4.0,1.43,0.3634,0.3289,61,6,0
1835520283318364800,APF,w140,5330.0,4.0,1.43,0.3634,0.3289,61,6,0
1835520283318364800,APF,w120,5330.0,4.0,1.397,0.3576,0.3389,54,6,0
1835520283318364800,APF,w100,5330.0,4.0,1.282,0.3892,0.3753,47,6,0
4591824513402826112,APF,full,4435.0,2.6,2.464,-0.075,-0.044,52,4,0
4591824513402826112,APF,w140,4435.0,2.6,1.693,0.1481,0.1836,37,4,0
4591824513402826112,APF,w120,4435.0,2.6,1.857,0.0981,0.1269,32,4,0
4591824513402826112,APF,w100,4435.0,2.6,1.529,0.2207,0.2457,25,4,0
1577822554777070208,HIRES,full,4836.0,3.37,2.054,0.1347,0.044,67,5,0
1577822554777070208,HIRES,w140,4836.0,3.37,1.676,0.2258,0.1099,57,5,0
1577822554777070208,HIRES,w120,4836.0,3.37,1.545,0.2721,0.1363,52,5,0
1577822554777070208,HIRES,w100,4836.0,3.37,1.315,0.3161,0.1874,40,5,0
744784953040324864,PEPSI,full,4787.0,3.72,1.66,0.2651,0.2347,58,7,0
744784953040324864,PEPSI,w140,4787.0,3.72,1.381,0.3502,0.2601,53,7,0
744784953040324864,PEPSI,w120,4787.0,3.72,1.266,0.396,0.2729,47,7,0
744784953040324864,PEPSI,w100,4787.0,3.72,0.954,0.4868,0.3773,37,7,0
1050440187607443712,PEPSI,full,5594.0,4.26,1.217,0.4335,0.4523,78,9,0
1050440187607443712,PEPSI,w140,5594.0,4.26,1.217,0.4335,0.4523,78,9,0
1050440187607443712,PEPSI,w120,5594.0,4.26,1.168,0.452,0.4733,74,9,0
1050440187607443712,PEPSI,w100,5594.0,4.26,1.151,0.4547,0.4804,65,9,0
1289565687269465600,PEPSI,full,5622.0,4.32,1.43,0.3495,0.3368,80,9,0
1289565687269465600,PEPSI,w140,5622.0,4.32,1.43,0.3495,0.3368,80,9,0
1289565687269465600,PEPSI,w120,5622.0,4.32,1.2,0.4035,0.3883,78,9,0
1289565687269465600,PEPSI,w100,5622.0,4.32,1.2,0.4035,0.3883,66,9,0
1315367857917145856,PEPSI,full,5589.0,4.04,1.512,0.3833,0.4032,80,9,0
1315367857917145856,PEPSI,w140,5589.0,4.04,1.282,0.4496,0.4602,79,9,0
1315367857917145856,PEPSI,w120,5589.0,4.04,1.233,0.4625,0.4831,75,9,0
1315367857917145856,PEPSI,w100,5589.0,4.04,1.184,0.4682,0.5063,65,9,0
1427663587506214784,PEPSI,full,5742.0,4.29,1.43,0.3539,0.2884,80,9,0
1427663587506214784,PEPSI,w140,5742.0,4.29,1.43,0.3539,0.2884,80,9,0
1427663587506214784,PEPSI,w120,5742.0,4.29,1.217,0.4013,0.3696,79,9,0
1427663587506214784,PEPSI,w100,5742.0,4.29,1.2,0.4057,0.3766,71,9,0
1518538605793638656,PEPSI,full,5636.0,4.3,1.479,0.3065,0.2818,80,9,0
1518538605793638656,PEPSI,w140,5636.0,4.3,1.479,0.3065,0.2818,80,9,0
1518538605793638656,PEPSI,w120,5636.0,4.3,1.266,0.3568,0.353,79,9,0
1518538605793638656,PEPSI,w100,5636.0,4.3,1.233,0.3638,0.3543,69,8,0
1664530724642168448,PEPSI,full,5641.0,4.11,1.561,0.3772,0.4217,80,9,0
1664530724642168448,PEPSI,w140,5641.0,4.11,1.332,0.44,0.5109,79,9,0
1664530724642168448,PEPSI,w120,5641.0,4.11,1.282,0.4551,0.5252,76,9,0
1664530724642168448,PEPSI,w100,5641.0,4.11,1.25,0.4659,0.5351,65,9,0
1812617348721111552,HIRES,full,5649.0,4.07,1.873,0.2786,0.335,77,6,0
1812617348721111552,HIRES,w140,5649.0,4.07,1.873,0.2786,0.335,77,6,0
1812617348721111552,HIRES,w120,5649.0,4.07,1.561,0.3271,0.4188,74,6,0
1812617348721111552,HIRES,w100,5649.0,4.07,1.594,0.3251,0.4092,63,6,0
2076073979856273664,PEPSI,full,6079.0,4.22,1.611,0.5179,0.4254,78,9,0
2076073979856273664,PEPSI,w140,6079.0,4.22,1.611,0.5179,0.4254,78,9,0
2076073979856273664,PEPSI,w120,6079.0,4.22,1.594,0.52,0.434,77,9,0
2076073979856273664,PEPSI,w100,6079.0,4.22,1.446,0.5521,0.4769,69,8,0
2250991230259434496,PEPSI,full,5848.0,4.0,1.66,0.3191,0.2828,80,9,0
2250991230259434496,PEPSI,w140,5848.0,4.0,1.66,0.3191,0.2828,80,9,0
2250991230259434496,PEPSI,w120,5848.0,4.0,1.66,0.3191,0.2828,80,9,0
2250991230259434496,PEPSI,w100,5848.0,4.0,1.529,0.3421,0.3296,72,9,0
2882288059116860928,HIRES,full,5779.0,3.95,1.922,0.3375,0.3271,76,6,0
2882288059116860928,HIRES,w140,5779.0,3.95,1.922,0.3375,0.3271,76,6,0
2882288059116860928,HIRES,w120,5779.0,3.95,1.578,0.3956,0.3955,72,6,0
2882288059116860928,HIRES,w100,5779.0,3.95,1.578,0.3962,0.3955,65,6,0
3825993705211972864,PEPSI,full,4705.0,3.52,2.021,0.2023,0.2594,49,7,0
3825993705211972864,PEPSI,w140,4705.0,3.52,1.709,0.3226,0.315,41,7,0
3825993705211972864,PEPSI,w120,4705.0,3.52,1.463,0.3591,0.3656,38,7,0
3825993705211972864,PEPSI,w100,4705.0,3.52,1.102,0.4531,0.4507,31,7,0
3944854382508327936,APF,full,5521.0,4.17,1.479,0.4946,0.5103,71,8,0
3944854382508327936,APF,w140,5521.0,4.17,1.446,0.4997,0.5177,70,8,0
3944854382508327936,APF,w120,5521.0,4.17,1.479,0.4947,0.5103,66,8,0
3944854382508327936,APF,w100,5521.0,4.17,1.397,0.5159,0.4917,55,7,0
3944854382508327936,HIRES,full,5521.0,4.17,1.643,0.3992,0.4463,75,6,0
3944854382508327936,HIRES,w140,5521.0,4.17,1.446,0.4507,0.4869,72,6,0
3944854382508327936,HIRES,w120,5521.0,4.17,1.43,0.4541,0.491,67,6,0
3944854382508327936,HIRES,w100,5521.0,4.17,1.233,0.5009,0.4845,57,5,0
4006726444423916544,PEPSI,full,5597.0,4.1,1.463,0.3333,0.3519,80,9,0
4006726444423916544,PEPSI,w140,5597.0,4.1,1.463,0.3333,0.3519,80,9,0
4006726444423916544,PEPSI,w120,5597.0,4.1,1.233,0.3973,0.4504,77,9,0
4006726444423916544,PEPSI,w100,5597.0,4.1,1.184,0.4056,0.4728,67,9,0
4311008797037316224,APF,full,5476.0,4.11,1.364,0.4185,0.4793,75,8,0
4311008797037316224,APF,w140,5476.0,4.11,1.364,0.4185,0.4646,75,7,0
4311008797037316224,APF,w120,5476.0,4.11,1.266,0.4252,0.5026,69,7,0
4311008797037316224,APF,w100,5476.0,4.11,1.282,0.4241,0.4956,61,7,0
4311008797037316224,PEPSI,full,5476.0,4.11,1.233,0.4029,0.3811,79,9,0
4311008797037316224,PEPSI,w140,5476.0,4.11,1.233,0.4029,0.3811,79,9,0
4311008797037316224,PEPSI,w120,5476.0,4.11,1.2,0.4167,0.3959,75,9,0
4311008797037316224,PEPSI,w100,5476.0,4.11,1.151,0.4172,0.4185,64,9,0
4430730494968490368,PEPSI,full,5546.0,4.52,1.135,0.4633,0.4155,79,8,0
4430730494968490368,PEPSI,w140,5546.0,4.52,1.135,0.4633,0.4155,79,8,0
4430730494968490368,PEPSI,w120,5546.0,4.52,1.036,0.4935,0.4379,74,8,0
4430730494968490368,PEPSI,w100,5546.0,4.52,1.004,0.4939,0.4471,63,8,0
4463900836634494720,PEPSI,full,5692.0,4.35,1.168,0.5379,0.387,78,9,0
4463900836634494720,PEPSI,w140,5692.0,4.35,1.168,0.5379,0.387,78,9,0
4463900836634494720,PEPSI,w120,5692.0,4.35,1.118,0.5428,0.3931,74,9,0
4463900836634494720,PEPSI,w100,5692.0,4.35,1.036,0.5597,0.4037,65,9,0
4492635198637928448,PEPSI,full,4829.0,3.77,1.545,0.3098,0.1978,57,7,0
4492635198637928448,PEPSI,w140,4829.0,3.77,1.25,0.3907,0.2285,52,7,0
4492635198637928448,PEPSI,w120,4829.0,3.77,1.2,0.4113,0.2439,47,7,0
4492635198637928448,PEPSI,w100,4829.0,3.77,0.889,0.4824,0.3457,37,7,0
4501987885065205248,HIRES,full,5686.0,4.13,1.775,0.3164,0.34,76,6,0
4501987885065205248,HIRES,w140,5686.0,4.13,1.775,0.3164,0.34,76,6,0
4501987885065205248,HIRES,w120,5686.0,4.13,1.529,0.3593,0.3712,71,6,0
4501987885065205248,HIRES,w100,5686.0,4.13,1.381,0.3862,0.4137,60,6,0
4537290729532341120,APF,full,5808.0,4.36,1.282,0.4172,0.3856,72,9,0
4537290729532341120,APF,w140,5808.0,4.36,1.282,0.4172,0.3856,72,9,0
4537290729532341120,APF,w120,5808.0,4.36,1.282,0.4172,0.3856,72,9,0
4537290729532341120,APF,w100,5808.0,4.36,1.168,0.4393,0.4328,64,9,0
4563963404148476800,PEPSI,full,5591.0,4.24,1.2,0.4381,0.4071,79,9,0
4563963404148476800,PEPSI,w140,5591.0,4.24,1.2,0.4381,0.4071,79,9,0
4563963404148476800,PEPSI,w120,5591.0,4.24,1.184,0.4443,0.4116,77,9,0
4563963404148476800,PEPSI,w100,5591.0,4.24,1.069,0.4754,0.4564,65,9,0
