gaia_dr3,instrument,teff_K,logg_dex,vmic_kms,FeH_dex,eFeH_dex,FeII_dex,dion_dex,nFeI,MH_XP_dex
647383581622234496,PEPSI,5839,4.22,1.67,0.345,0.076,0.463,-0.117,63,0.515
1172246044236127744,HIRES,4713,3.48,1.77,0.2,0.077,0.192,0.008,70,0.414
1291436403222476928,APF,4597,2.53,2.29,0.116,0.08,-0.13,0.246,62,0.424
1291436403222476928,HIRES,4597,2.53,2.29,0.07,0.08,-0.172,0.242,63,0.424
1344347754609974912,APF,5781,3.59,2.8,0.23,0.078,0.344,-0.115,63,0.472
1344347754609974912,PEPSI,5781,3.59,2.32,0.27,0.076,0.321,-0.051,70,0.472
1349677912103573888,PEPSI,4711,3.23,1.8,0.187,0.08,0.114,0.073,54,0.381
1373298170645854208,PEPSI,4740,3.14,1.77,0.224,0.078,-0.034,0.258,50,0.371
1615356205256881920,PEPSI,4605,2.62,2.52,0.095,0.084,-0.201,0.296,49,0.387
1817438775924874496,PEPSI,4871,3.9,1.44,0.304,0.076,0.311,-0.008,57,0.423
1956623998681016960,PEPSI,5127,3.96,1.41,0.486,0.073,0.445,0.041,72,0.487
2046021505262823296,PEPSI,5876,3.93,1.8,0.291,0.075,0.345,-0.054,78,0.425
2060055328082386304,PEPSI,4875,3.53,1.83,0.238,0.078,0.083,0.155,70,0.434
2250537578633588352,HIRES,5405,4.01,1.73,0.432,0.075,0.157,0.275,71,0.436
3958303608740295296,PEPSI,5746,3.92,1.6,0.262,0.074,0.343,-0.081,80,0.426
3981490689765823744,PEPSI,4791,3.58,1.73,0.241,0.079,0.189,0.052,57,0.422
4285843204916407296,APF,4700,3.63,1.9,0.281,0.08,0.417,-0.135,64,0.436
4285843204916407296,PEPSI,4700,3.63,1.64,0.303,0.078,0.332,-0.029,69,0.436
4547137062312951680,HIRES,4531,2.51,2.42,0.034,0.082,-0.097,0.131,60,0.41
4547137062312951680,PEPSI,4531,2.51,2.42,0.04,0.083,-0.176,0.217,62,0.41
4553137647030000384,APF,4642,3.35,1.93,0.21,0.08,0.236,-0.026,63,0.434
4596318389222965504,PEPSI,4801,3.46,2.03,0.198,0.082,0.056,0.142,54,0.428
4607078038213603712,PEPSI,4644,2.24,2.16,0.118,0.08,-0.136,0.255,51,0.377
2085055993420266624,HIRES,5859,4.13,1.72,0.446,0.066,0.328,0.117,77,0.435
2134294185689376512,APF,5507,4.1,1.21,0.562,0.056,0.457,0.105,63,0.422
4267387391205504256,APF,5709,4.26,1.09,0.456,0.054,0.401,0.055,64,0.412
2759121045748142848,HIRES,5871,4.27,1.57,0.391,0.062,0.296,0.095,77,0.418
1810432623428484992,APF,6236,3.53,2.32,0.377,0.093,0.383,-0.006,61,0.41
2241587416547315584,APF,5946,3.95,2.31,0.296,0.068,0.34,-0.044,63,0.415
1969914723446419072,HIRES,5480,4.35,1.52,0.26,0.077,0.446,-0.186,75,0.423
2105262611951880320,APF,5761,4.15,1.52,0.421,0.057,0.335,0.087,62,0.405
2222930319131123584,HIRES,5555,4.46,1.41,0.342,0.066,0.385,-0.043,77,0.409
2034483990505147904,HIRES,5645,4.3,1.62,0.383,0.067,0.344,0.039,77,0.412
2207311069265753088,HIRES,5572,4.4,1.43,0.375,0.059,0.419,-0.044,77,0.441
1332825044549520640,HIRES,4489,2.88,2.26,0.09,0.074,0.451,-0.361,61,0.417
1972949478614475520,HIRES,5935,4.14,1.59,0.425,0.065,0.376,0.049,77,0.408
1835520283318364800,APF,5330,4.0,1.43,0.356,0.057,0.307,0.049,61,0.403
4591824513402826112,APF,4435,2.6,2.5,-0.02,0.071,0.048,-0.068,52,0.392
1577822554777070208,HIRES,4836,3.37,2.05,0.161,0.063,0.094,0.068,67,0.411
744784953040324864,PEPSI,4787,3.72,1.67,0.269,0.07,0.245,0.024,58,0.431
1050440187607443712,PEPSI,5594,4.26,1.21,0.426,0.055,0.416,0.011,78,0.43
1289565687269465600,PEPSI,5622,4.32,1.45,0.343,0.066,0.316,0.026,80,0.423
1315367857917145856,PEPSI,5589,4.04,1.53,0.374,0.065,0.377,-0.003,80,0.435
1427663587506214784,PEPSI,5742,4.29,1.45,0.347,0.061,0.268,0.079,80,0.442
1518538605793638656,PEPSI,5636,4.3,1.48,0.306,0.069,0.281,0.025,80,0.419
1664530724642168448,PEPSI,5641,4.11,1.57,0.372,0.061,0.397,-0.025,80,0.426
1812617348721111552,HIRES,5649,4.07,1.88,0.279,0.073,0.34,-0.061,77,0.423
2076073979856273664,PEPSI,6079,4.22,1.64,0.51,0.07,0.381,0.129,78,0.444
2250991230259434496,PEPSI,5848,4.0,1.67,0.317,0.059,0.275,0.043,80,0.479
2882288059116860928,HIRES,5779,3.95,1.93,0.335,0.089,0.318,0.017,76,0.404
3825993705211972864,PEPSI,4705,3.52,2.01,0.22,0.073,0.287,-0.067,49,0.454
3944854382508327936,APF,5521,4.17,1.48,0.48,0.06,0.462,0.018,71,0.482
3944854382508327936,HIRES,5521,4.17,1.64,0.394,0.06,0.42,-0.026,75,0.482
4006726444423916544,PEPSI,5597,4.1,1.46,0.33,0.06,0.342,-0.012,80,0.427
4311008797037316224,APF,5476,4.11,1.38,0.402,0.078,0.44,-0.038,75,0.422
4311008797037316224,PEPSI,5476,4.11,1.24,0.392,0.077,0.347,0.046,79,0.422
4430730494968490368,PEPSI,5546,4.52,1.1,0.457,0.058,0.371,0.086,79,0.429
4463900836634494720,PEPSI,5692,4.35,1.16,0.526,0.066,0.342,0.184,78,0.456
4492635198637928448,PEPSI,4829,3.77,1.53,0.314,0.07,0.195,0.119,57,0.412
4501987885065205248,HIRES,5686,4.13,1.77,0.315,0.075,0.337,-0.021,76,0.402
4537290729532341120,APF,5808,4.36,1.28,0.418,0.055,0.356,0.062,72,0.421
4563963404148476800,PEPSI,5591,4.24,1.21,0.429,0.055,0.367,0.062,79,0.427
